legacy_id,legacy_scope,new_target,disposition
DL-TP-R0-001,freeze baseline and truth,DL-R4-001,retained-and-strengthened
DL-TP-R0-003,project-local migration,DL-R4-002,partial-reopened
DL-TP-R0-005,test isolation,DL-R4-003,retained-and-expanded
DL-TP-R1-002,SSOT reports,DL-R4-001,partial-reopened
DL-TP-R1-003,CI triggers and gates,DL-R4-003,partial-reopened
DL-TP-R2-002,Python package and CLI,DL-R4-009,partial-reopened
DL-TP-R2-003,Review Console,DL-R4-010,replaced-by-product-workbench
DL-TP-R2-005,Design Control MCP,DL-R4-009,contract-to-service
DL-TP-R2-006,local five objects,DL-R4-009,contract-to-service
DL-TP-R2-007,Local Design Runtime,DL-R4-009,register-only-to-implementation
DL-TP-R2-008,Windows Control Provider,DL-R4-011|DL-R4-012,register-only-to-host-proofs
DL-TP-R2-009,Integration Definition,DL-R4-006|DL-R4-008,contract-to-live-adapter
DL-TP-R2-010,AssetRef Trait OTIO,DL-R4-005|DL-R4-022,incremental
DL-TP-R2-011,NativeTransaction,DL-R4-004|DL-R4-005,implementation-required
DL-TP-R2-012,Lease fencing,DL-R4-005,implementation-required
DL-TP-R2-015,ProfileResolver,DL-R4-006,reopened-for-semantics-bug
DL-TP-R2-016,portable workspace doctor,DL-R4-007,reopened-for-readiness-levels
DL-TP-R2-018,Operation Attempt coordinator,DL-R4-004,reopened-for-semantics-bug
DL-TP-R2-020/021,session audit trace,DL-R4-004|DL-R4-011|DL-R4-012,implementation-required
DL-TP-R3-001,Illustrator Beta MCP,DL-R4-011,optional-qualification-not-default
DL-TP-R3-003,Photoshop UXP,DL-R4-012,reopened-for-real-execution
DL-TP-R3-004,ComfyUI adapter,DL-R4-008,reopened-for-live-service
DL-TP-R3-005,MiniMax H3 local,DL-R4-018,retained-with-license-gate
DL-TP-R3-006,OpenDesign default profile,DL-R4-021,optional-software-collaboration
DL-TP-R3-010,MiniMax Design candidate,DL-R4-021,qualification-required
DL-TP-R3-012,automatic layer/vector reconstruction,DL-R4-013|DL-R4-014,implementation-required
DL-TP-R4-001..005,quality and cross-host workflow,DL-R4-014|DL-R4-015|DL-R4-022,after-real-host
DL-TP-R5-001..003,release and observation,DL-R4-015|DL-R4-023,after-M1
"T01,T18",baseline history and repository governance,DL-R4-001|DL-R4-002|DL-R4-023,retained
T02,Windows and model inventory,DL-R4-007,reopened-for-current-machine-evidence
"T03,T07,T08",AI PS selection production comparison,DL-R4-011|DL-R4-012|DL-R4-014,not-complete
T04,frontend agent reuse,DL-R4-010,not-complete
T05,asset task service,DL-R4-004|DL-R4-005,structural-layer-reopened
T06,planar decomposition,DL-R4-013,structural-layer-to-live
T09,Comfy task protocol,DL-R4-008,structural-layer-to-live
"T10,T11",audio and music,DL-R4-016|DL-R4-017,not-complete
T12,H3 local video,DL-R4-018,blocked-pending-conditions
T13,Premiere,DL-R4-019,not-complete
T14,OpenDesign MiniMax collaboration,DL-R4-021,not-complete
T15,Blender,DL-R4-020,not-complete
T16,cross-media dependencies,DL-R4-022,register-only-to-implementation
T17,portable release,DL-R4-015|DL-R4-023,register-only-to-implementation
ENH-P0-01,Comfy instance discovery submit progress cancel recovery output,DL-R4-008,accepted-and-strengthened
ENH-P0-02,ComfyUI-MCP named-instance control and external-action approvals,DL-R4-008,accepted-with-first-party-local-MCP-beta-gate
ENH-P0-03,reproducible asset record and reviewer outcome,DL-R4-005|DL-R4-008|DL-R4-014,accepted
ENH-P0-04A,planar/image-editing golden workflow,DL-R4-008,accepted-M1-required
ENH-P0-04B,short-video/motion golden workflow,DL-R4-025,accepted-after-M1
ENH-P0-04C,asset-extraction-and-alpha golden workflow,DL-R4-026,accepted-after-M1
ENH-P0-05,human-jury-over-model-only-selection,DL-R4-014,accepted-M1-required
ENH-P1-01,DCC-API-then-UIA-then-visual-fallback,DL-R4-024|DL-R4-011|DL-R4-012|DL-R4-021,accepted-safety-gate
ENH-P1-02,copy-only-first-UIA-pilot,DL-R4-024,accepted-hard-allowlist
ENH-P1-03,media-profile-delivery-preflight,DL-R4-023,accepted-profile-specific
ENH-P1-04,interactive/game-asset-handoff,DL-R4-027,accepted-not-engine-build
